user_id,email,password,username,display_name,location,description,verified,joined_on
1088217953169010688,vwebster@hotmail.com,@$nc64Txjx,fextk,Felipe,,Quer saber sobre? Chama na dm,1,2019-01-23
1261435037288783872,catherineramirez@hotmail.com,_3WWtn3Q2R,snydercut,Zack Snyder's Justice League,Justice League Watchtower,Now Streaming on @HBOMax #SnyderCut,1,2020-05-15
89090040,jeffrey55@hotmail.com,+upEZr)ee3,hbomax,HBO Max,,,0,
1234584919210328068,michaelmoore@hotmail.com,@vP%hgfpE1,Poccorn1,Poccorn,Brasil,"poderia perder meu tempo pra criar uma bio criativa, mas estou ocupado procrastinando",1,2020-03-02
1328394487870025728,millermargaret@hotmail.com,_UjP!LXv77,bagoa5,bagoa,,,1,2020-11-16
1145922136378396672,gonzalezcynthia@garner.com,+tU%1Vs8)U,The_Snyder_Cut,SnyderCut.com | #RestoreTheSnyderverse,,"Official account for https://t.co/67Veq37t0u |
Watch #ZackSnydersJusticeLeague on @hbomax #SnyderCut",1,2019-07-02
1379337477144580098,hensleynina@norton.com,)(jw%Xgx9G,jfmellx,JFM ü¶á,,#RestoreTheSnyderVerse,1,2021-04-06
4128946093,zserrano@gmail.com,H8YV)bqZ#b,Syncopy,Syncopy Films,,@Interstellar @TENETfilm @snydercut,1,2015-11-04
540251788,guerrerosean@atkinson.info,NP0SB0kw&+,passuccijuan,BOCA CONTRA TODOS ‚ë´,Rep√∫blica Popular de La BOCA,Bostero antes de la Creaci√≥n. Marido de @cinchia77. Casi nunca me aburro. Prevenido. Sentimental y ut√≥pico. Amo üêï. Superh√©roes‚ö°DC Comics. No aplaudo en El Vals,1,2012-03-29
2905969396,lcampbell@nguyen-proctor.com,(6eEILob@Q,El_LadoG,EL LADO G,"Buenos Aires, Argentina","Novedades, rese√±as y #Podcast en todas las plataformas.
Hablamos de cine, m√∫sica y series.",1,2014-12-05
583288452,dawn60@hotmail.com,!#Ww80cx0J,BatmanvSuperman,Batman v Superman,,,0,
20255162,cchavez@yahoo.com,J$Y3xKRnsH,wbpictures,Warner Bros. Pictures,,,0,
2567285682,frankolson@yahoo.com,w2d_0PTxU),chinmay_05,Chinmay Deshpande üáÆüá≥,,"Associate Producer on Zack Snyder's Justice League
#ReleaseTheSnyderCut
#ForAutumn
#ZackSnydersJusticeLeague",1,2014-06-14
36865454,anthonyhoover@yahoo.com,j+BNY3SpB_,Foxtel,Foxtel,Australia,"We love TV as much as you do. Follow us for air-dates & news. Also on Facebook, Instagram & YouTube. Tweet @FOXTEL_help for customer service",1,2009-05-01
22490294,karenroth@hotmail.com,3&uE&&m5*9,ComicBook,ComicBook.com,,"The OFFICIAL Twitter account for https://t.co/RmAlqTQSAj. We're your #1 resource of news on comic books, movies, and TV shows.",1,2009-03-02
1250372292,sherri50@hotmail.com,(YW3H3Eka&,NewGuyEnn1,Kristian Nguyen,,Comic Books are my drugs,1,2013-03-08
1085342443531354114,sarah23@sweeney.com,BEL6RD#w(j,MiguelOwen6661,Miguel Owen Sullivan,"Santos, Brasil",Use drogas,1,2019-01-16
1332121,vpham@conner.info,v7Flc3Pt$W,getFANDOM,Fandom,"San Francisco, CA","üé• üéÆ The latest news in Movies, TV, and Video Games. IG: getfandom üì∑

üè†: @screenjunkies, @dndbeyond, @muthead, @FandomTableTop, @CortexRPG, @futhead",1,2007-03-17
1141438818622459904,evelyn23@bennett-edwards.com,^c2@%T&)t),Mr_J310,Mr J,"Wilmington, CA",Chill and laid-back kinda guy from So. Cal. love meeting new people and enjoying life. Associate Producer of Zack Snyders Justice League. @afspnational,1,2019-06-19
6253282,mitchell54@walker.org,vV5GoF*T)),TwitterAPI,Twitter API,"San Francisco, CA","The Real Twitter API. Tweets about API changes, service issues and our Developer Platform. Don't get an answer? It's on my website.",1,2007-05-23
2244994945,williamsbrent@brown.net,Mx*4Ywo2^A,TwitterDev,Twitter Dev,Internet,"Your official source for Twitter Platform news, updates & events. Need technical help? Visit https://t.co/mGHnxZU8c1 ‚å®Ô∏è #TapIntoTwitter",1,2013-12-14
